id,kind,right_pillar,right_stance,sections_support,new_to_book,right_metric,figure_stated,comment
NVDA.p1.contradicts,existing_thesis,,,,,,,
NVDA.p1.supports,existing_thesis,,,,,,,
NVDA.p2.supports,existing_thesis,,,,,,,
NVDA.p3.contradicts,existing_thesis,,,,,,,
NVDA.p3.supports,existing_thesis,,,,,,,
MSFT.p1.contradicts,existing_thesis,,,,,,,
MSFT.p1.supports,existing_thesis,,,,,,,
MSFT.p3.contradicts,existing_thesis,,,,,,,
MSFT.p2.contradicts,existing_thesis,,,,,,,
AAPL.p1.contradicts,existing_thesis,,,,,,,
AAPL.p2.contradicts,existing_thesis,,,,,,,
AAPL.p2.supports,existing_thesis,,,,,,,
AAPL.p3.supports,existing_thesis,,,,,,,
AMZN.p1.supports,existing_thesis,,,,,,,
AMZN.p3.contradicts,existing_thesis,,,,,,,
AMZN.p2.supports,existing_thesis,,,,,,,
AAPL.p1.supports,existing_thesis,,,,,,,
GOOGL.p1.supports,existing_thesis,,,,,,,
GOOGL.p2.contradicts,existing_thesis,,,,,,,
GOOGL.p2.supports,existing_thesis,,,,,,,
NVDA.data_center_growth.proj1,projection_change,,,,,,,
NVDA.data_center_growth.proj2,projection_change,,,,,,,
NVDA.eps.proj1,projection_change,,,,,,,
NVDA.eps.proj2,projection_change,,,,,,,
NVDA.operating_margin.proj1,projection_change,,,,,,,
NVDA.revenue.proj1,projection_change,,,,,,,
NVDA.revenue.proj2,projection_change,,,,,,,
MSFT.capex.proj1,projection_change,,,,,,,
MSFT.eps.proj1,projection_change,,,,,,,
MSFT.intelligent_cloud_growth.proj1,projection_change,,,,,,,
MSFT.operating_margin.proj1,projection_change,,,,,,,
AAPL.eps.proj1,projection_change,,,,,,,
AAPL.eps.proj2,projection_change,,,,,,,
AAPL.services_growth.proj1,projection_change,,,,,,,
AAPL.services_growth.proj2,projection_change,,,,,,,
AMZN.aws_growth.proj1,projection_change,,,,,,,
AMZN.eps.proj1,projection_change,,,,,,,
AMZN.operating_margin.proj1,projection_change,,,,,,,
AMZN.eps.proj2,projection_change,,,,,,,
AMZN.operating_margin.proj2,projection_change,,,,,,,
GOOGL.capex.proj1,projection_change,,,,,,,
GOOGL.cloud_growth.proj1,projection_change,,,,,,,
GOOGL.eps.proj1,projection_change,,,,,,,
GOOGL.eps.proj2,projection_change,,,,,,,
GOOGL.operating_margin.proj1,projection_change,,,,,,,
GOOGL.services_growth.proj1,projection_change,,,,,,,
GOOGL.new1,new_thesis,,,,,,,
