id,kind,summary_accurate,reason_stated,action_stated,comment
synthetic_000305,note,,,,
synthetic_000324,note,,,,
synthetic_000330,note,,,,
synthetic_000332,note,,,,
synthetic_000341,note,,,,
synthetic_000365,note,,,,
synthetic_000380,note,,,,
synthetic_000383,note,,,,
synthetic_000385,note,,,,
synthetic_000404,note,,,,
synthetic_000410,note,,,,
synthetic_000411,note,,,,
synthetic_000438,note,,,,
synthetic_000442,note,,,,
synthetic_000450,note,,,,
synthetic_000477,note,,,,
synthetic_000486,note,,,,
synthetic_000515,note,,,,
synthetic_000525,note,,,,
synthetic_000558,note,,,,
synthetic_000577,note,,,,
